gameID,team,FG,FGA,3P,3PA,FT,FTA,ORB,TOV,DRB
201910220LAC,Los Angeles Clippers,42,81,11,31,17,24,11,14,34
201910220TOR,Toronto Raptors,42,103,14,40,32,38,16,16,41
201910230BRK,Brooklyn Nets,48,101,15,34,15,26,10,16,38
201910230CHO,Charlotte Hornets,45,88,23,44,13,16,9,19,32
201910230DAL,Dallas Mavericks,35,76,11,36,27,33,5,19,41
201910230IND,Indiana Pacers,41,89,8,21,20,24,10,15,26
201910230MIA,Miami Heat,40,85,7,18,33,39,11,21,40
201910230ORL,Orlando Magic,37,86,9,30,11,19,7,13,39
201910230PHI,Philadelphia 76ers,37,85,7,29,26,36,12,15,50
201910230PHO,Phoenix Suns,49,98,11,33,15,18,9,14,35
201910230POR,Portland Trail Blazers,36,87,7,28,21,23,13,20,35
201910230SAS,San Antonio Spurs,42,83,7,21,29,36,10,21,41
201910230UTA,Utah Jazz,40,90,6,24,14,20,11,11,38
201910240DET,Detroit Pistons,35,85,10,37,20,22,9,13,30
201910240GSW,Golden State Warriors,39,99,15,42,29,30,15,13,27
201910240HOU,Houston Rockets,33,90,16,48,29,39,10,14,47
201910250BOS,Boston Celtics,42,109,13,38,15,16,21,9,35
201910250BRK,Brooklyn Nets,37,78,16,37,23,34,11,26,35
201910250CHO,Charlotte Hornets,37,84,12,29,13,26,9,19,33
201910250DEN,Denver Nuggets,36,92,7,27,29,36,8,14,37
201910250LAL,Los Angeles Lakers,34,86,8,26,19,24,11,14,31
201910250MEM,Memphis Grizzlies,39,94,10,29,14,20,15,18,41
201910250NOP,New Orleans Pelicans,45,98,15,41,11,15,12,14,36
201910250OKC,Oklahoma City Thunder,33,83,5,23,14,22,7,18,42
201910250SAC,Sacramento Kings,37,87,15,37,23,27,13,17,30
201910260ATL,Atlanta Hawks,43,84,9,30,8,15,9,18,43
201910260CHI,Chicago Bulls,29,97,9,35,17,25,12,15,33
201910260CLE,Cleveland Cavaliers,40,80,11,31,19,29,12,18,32
201910260DET,Detroit Pistons,41,76,8,19,21,36,5,23,30
201910260HOU,Houston Rockets,43,94,13,45,27,30,9,19,36
201910260MIL,Milwaukee Bucks,41,94,17,54,27,35,5,18,42
201910260NYK,New York Knicks,31,82,7,27,26,34,16,23,39
201910260PHO,Phoenix Suns,43,86,17,43,27,34,9,16,40
201910260SAS,San Antonio Spurs,50,108,10,28,14,17,21,9,32
201910260UTA,Utah Jazz,44,78,18,37,7,12,2,21,41
201910270DAL,Dallas Mavericks,37,94,13,50,32,41,12,11,34
201910270LAL,Los Angeles Lakers,49,93,11,31,11,14,10,13,37
201910270MEM,Memphis Grizzlies,50,103,14,33,20,25,8,12,41
201910270MIN,Minnesota Timberwolves,39,91,13,45,25,33,14,16,32
201910270OKC,Oklahoma City Thunder,44,78,15,32,17,22,8,23,42
201910280ATL,Atlanta Hawks,36,84,9,27,22,32,8,21,37
201910280DET,Detroit Pistons,37,81,13,24,9,10,9,20,39
201910280HOU,Houston Rockets,39,90,10,44,28,33,9,14,31
201910280LAC,Los Angeles Clippers,40,83,12,33,19,21,9,21,35
201910280MIL,Milwaukee Bucks,48,92,17,38,16,24,8,12,42
201910280NOP,New Orleans Pelicans,48,103,15,47,12,22,11,15,30
201910280NYK,New York Knicks,38,91,9,29,20,32,25,17,38
201910280PHO,Phoenix Suns,33,80,13,34,16,23,3,16,37
201910280SAC,Sacramento Kings,36,91,12,37,10,16,15,12,33
201910280SAS,San Antonio Spurs,41,85,7,22,24,32,7,18,43
201910280TOR,Toronto Raptors,33,85,10,39,28,30,6,16,46
201910290DEN,Denver Nuggets,43,91,11,32,9,13,14,10,36
201910290LAL,Los Angeles Lakers,40,86,7,26,33,39,10,18,44
201910290MIA,Miami Heat,33,73,13,31,33,45,13,26,36
201910300BOS,Boston Celtics,41,92,17,41,17,21,5,9,40
201910300BRK,Brooklyn Nets,41,93,10,31,16,26,18,19,36
201910300CLE,Cleveland Cavaliers,41,78,10,24,25,31,10,17,37
201910300GSW,Golden State Warriors,36,82,8,28,30,36,7,18,36
201910300OKC,Oklahoma City Thunder,33,84,4,27,29,37,13,18,42
201910300ORL,Orlando Magic,37,88,12,32,9,12,14,7,38
201910300PHI,Philadelphia 76ers,43,92,9,25,22,28,16,22,40
201910300SAC,Sacramento Kings,44,96,14,46,9,12,10,15,29
201910300TOR,Toronto Raptors,51,86,13,27,10,12,3,14,31
201910300UTA,Utah Jazz,44,80,11,24,11,16,3,14,33
201910300WAS,Washington Wizards,57,91,20,36,24,29,11,19,29
201910310ATL,Atlanta Hawks,36,88,7,34,18,26,16,16,34
201910310LAC,Los Angeles Clippers,39,91,5,26,20,27,11,11,36
201910310NOP,New Orleans Pelicans,41,77,15,33,25,32,2,15,35
201911010BOS,Boston Celtics,33,74,11,34,27,29,3,14,41
201911010BRK,Brooklyn Nets,42,85,19,32,20,28,10,20,45
201911010CHI,Chicago Bulls,39,89,16,40,18,23,11,17,31
201911010DAL,Dallas Mavericks,40,102,14,36,16,23,18,22,43
201911010GSW,Golden State Warriors,39,84,13,28,19,21,7,11,32
201911010IND,Indiana Pacers,39,96,5,27,19,21,13,13,45
201911010ORL,Orlando Magic,34,91,12,37,11,17,10,16,30
201911010SAC,Sacramento Kings,41,84,8,29,12,17,11,16,27
201911020DET,Detroit Pistons,41,91,8,27,23,29,5,8,36
201911020GSW,Golden State Warriors,34,77,9,28,10,13,5,18,35
201911020MEM,Memphis Grizzlies,42,86,9,28,12,19,13,20,33
201911020MIL,Milwaukee Bucks,41,89,13,38,20,25,10,11,41
201911020OKC,Oklahoma City Thunder,41,90,15,37,18,23,8,12,36
201911020ORL,Orlando Magic,37,86,6,29,7,11,10,15,37
201911020POR,Portland Trail Blazers,45,78,19,34,19,25,4,18,32
201911020WAS,Washington Wizards,37,95,12,35,23,27,8,17,31
201911030CLE,Cleveland Cavaliers,39,96,18,48,15,22,12,9,29
201911030IND,Indiana Pacers,40,85,8,26,20,27,10,16,39
201911030LAC,Los Angeles Clippers,36,92,7,32,26,34,18,9,36
201911030MIA,Miami Heat,47,89,18,41,17,22,5,15,41
201911030NYK,New York Knicks,32,80,8,31,20,31,9,13,29
201911030SAS,San Antonio Spurs,33,83,6,25,24,29,8,17,39
201911040BRK,Brooklyn Nets,49,92,16,41,21,28,12,23,33
201911040GSW,Golden State Warriors,42,86,10,26,33,36,8,10,39
201911040MEM,Memphis Grizzlies,40,94,3,25,17,21,13,14,38
201911040MIN,Minnesota Timberwolves,37,103,13,43,19,22,13,15,34
201911040PHO,Phoenix Suns,41,77,11,28,21,27,5,19,35
201911040WAS,Washington Wizards,43,93,8,29,21,25,13,11,28
201911050ATL,Atlanta Hawks,43,90,11,30,11,16,9,18,39
201911050CHI,Chicago Bulls,43,85,14,32,12,23,7,16,35
201911050CHO,Charlotte Hornets,42,88,10,31,28,42,10,13,27
201911050CLE,Cleveland Cavaliers,40,95,13,33,20,22,11,9,32
201911050DEN,Denver Nuggets,45,86,9,23,10,16,9,19,38
201911050OKC,Oklahoma City Thunder,37,86,12,33,16,20,7,9,31
201911060ATL,Atlanta Hawks,30,74,6,30,27,35,6,24,35
201911060DAL,Dallas Mavericks,36,84,11,31,24,30,12,17,31
201911060DET,Detroit Pistons,44,79,15,30,19,24,8,16,35
201911060HOU,Houston Rockets,48,97,21,45,12,19,11,12,39
201911060IND,Indiana Pacers,44,94,12,30,21,26,13,13,35
201911060LAC,Los Angeles Clippers,41,98,13,31,29,36,14,19,40
201911060MEM,Memphis Grizzlies,50,88,12,23,25,30,8,17,41
201911060TOR,Toronto Raptors,43,78,14,29,24,29,2,14,35
201911060UTA,Utah Jazz,41,89,8,22,16,24,14,13,36
201911070CHO,Charlotte Hornets,33,86,6,31,15,21,9,20,40
201911070LAC,Los Angeles Clippers,39,89,4,23,25,30,13,17,44
201911070PHO,Phoenix Suns,37,84,11,32,23,31,10,14,30
201911070SAS,San Antonio Spurs,51,94,9,20,10,11,12,13,35
201911080ATL,Atlanta Hawks,46,87,9,28,8,14,11,12,23
201911080DAL,Dallas Mavericks,37,90,14,44,14,17,7,13,40
201911080DEN,Denver Nuggets,39,87,9,22,13,17,7,10,34
201911080IND,Indiana Pacers,43,83,4,15,22,25,10,12,34
201911080LAL,Los Angeles Lakers,40,89,8,32,7,8,10,18,38
201911080MIN,Minnesota Timberwolves,48,111,9,36,20,29,20,18,39
201911080NOP,New Orleans Pelicans,40,99,10,41,14,21,14,18,39
201911080ORL,Orlando Magic,44,93,7,28,23,27,12,9,45
201911080POR,Portland Trail Blazers,40,97,11,30,24,25,13,10,35
201911080UTA,Utah Jazz,34,84,15,36,20,29,11,20,45
201911080WAS,Washington Wizards,45,96,7,31,3,6,17,18,30
201911090CHI,Chicago Bulls,37,98,4,32,16,18,11,15,35
201911090CHO,Charlotte Hornets,36,88,12,35,26,34,13,21,29
201911090MEM,Memphis Grizzlies,50,95,12,36,10,14,10,15,29
201911090OKC,Oklahoma City Thunder,43,79,14,30,14,17,7,18,35
201911090SAS,San Antonio Spurs,39,99,14,30,23,30,21,15,36
201911100LAL,Los Angeles Lakers,41,94,10,30,12,19,13,12,38
201911100MIN,Minnesota Timberwolves,34,97,6,45,24,33,15,12,38
201911100NYK,New York Knicks,31,86,9,31,16,25,17,21,35
201911100OKC,Oklahoma City Thunder,45,91,17,42,12,17,5,15,30
201911100ORL,Orlando Magic,41,89,15,36,5,6,7,10,30
201911100PHI,Philadelphia 76ers,46,84,10,28,12,16,10,20,39
201911100PHO,Phoenix Suns,52,99,19,42,15,19,5,7,37
201911100POR,Portland Trail Blazers,45,104,12,36,22,28,16,17,45
201911110BOS,Boston Celtics,41,86,15,35,19,25,10,9,36
201911110DET,Detroit Pistons,39,87,16,32,20,25,12,17,27
201911110GSW,Golden State Warriors,45,94,10,31,8,14,8,10,36
201911110LAC,Los Angeles Clippers,34,92,8,36,22,30,20,19,46
201911110NOP,New Orleans Pelicans,41,95,14,45,20,27,12,16,34
201911110SAS,San Antonio Spurs,42,90,12,30,13,17,7,13,35
201911120CHI,Chicago Bulls,41,81,14,33,24,31,9,19,37
201911120DEN,Denver Nuggets,46,104,11,41,18,22,15,3,25
201911120IND,Indiana Pacers,46,94,7,23,12,13,11,14,39
201911120MIA,Miami Heat,41,77,14,32,21,27,8,19,34
201911120PHI,Philadelphia 76ers,40,89,8,38,10,13,11,14,35
201911120PHO,Phoenix Suns,43,91,16,38,13,17,6,11,33
201911120SAC,Sacramento Kings,38,86,11,32,20,26,11,14,35
201911120UTA,Utah Jazz,43,92,6,26,27,35,11,11,35
201911130BOS,Boston Celtics,49,96,16,36,26,29,10,11,34
201911130CHO,Charlotte Hornets,43,87,16,36,15,19,7,15,27
201911130HOU,Houston Rockets,33,86,14,42,22,27,9,10,44
201911130LAL,Los Angeles Lakers,48,89,9,20,15,18,13,19,38
201911130MIN,Minnesota Timberwolves,45,91,11,34,28,34,13,10,37
201911130ORL,Orlando Magic,38,86,10,32,26,34,9,13,39
201911130POR,Portland Trail Blazers,38,96,17,48,13,16,11,12,32
201911140CLE,Cleveland Cavaliers,36,85,8,32,17,21,11,18,30
201911140DEN,Denver Nuggets,43,101,10,33,5,10,14,7,48
201911140MIL,Milwaukee Bucks,42,88,6,33,34,47,17,22,41
201911140NOP,New Orleans Pelicans,47,98,18,34,20,29,18,14,33
201911140NYK,New York Knicks,42,94,13,30,9,11,15,15,38
201911140PHO,Phoenix Suns,41,85,15,39,31,38,7,20,32
201911150CHO,Charlotte Hornets,43,96,13,35,10,16,14,10,27
201911150GSW,Golden State Warriors,34,82,5,28,27,34,12,19,43
201911150HOU,Houston Rockets,36,89,14,46,25,29,10,8,34
201911150LAL,Los Angeles Lakers,34,81,11,37,20,22,10,13,31
201911150MEM,Memphis Grizzlies,43,96,10,35,11,13,9,11,37
201911150MIN,Minnesota Timberwolves,42,89,11,37,21,29,9,20,34
201911150OKC,Oklahoma City Thunder,41,76,10,24,35,41,6,13,30
201911150ORL,Orlando Magic,36,87,12,29,27,34,14,10,34
201911160CHI,Chicago Bulls,32,91,9,39,38,41,17,19,39
201911160DAL,Dallas Mavericks,37,88,9,39,27,33,12,12,43
201911160IND,Indiana Pacers,32,100,12,34,7,9,14,13,40
201911160LAC,Los Angeles Clippers,50,93,17,33,33,35,12,19,41
201911160MIA,Miami Heat,44,81,9,24,12,13,9,20,36
201911160MIN,Minnesota Timberwolves,38,84,12,38,17,23,13,18,33
201911160NYK,New York Knicks,39,86,6,20,18,23,13,11,35
201911160SAS,San Antonio Spurs,41,88,5,18,29,34,7,10,36
201911170CLE,Cleveland Cavaliers,34,90,6,25,21,24,11,14,31
201911170LAL,Los Angeles Lakers,47,89,15,35,13,16,10,16,32
201911170MEM,Memphis Grizzlies,39,84,16,36,20,24,9,16,36
201911170NOP,New Orleans Pelicans,37,89,18,46,16,20,11,13,37
201911170ORL,Orlando Magic,43,87,15,38,24,26,11,14,41
201911170SAC,Sacramento Kings,38,89,14,35,10,12,10,12,35
201911180BRK,Brooklyn Nets,30,84,11,34,15,24,4,9,36
201911180CHI,Chicago Bulls,39,97,12,34,11,14,13,14,37
201911180DAL,Dallas Mavericks,42,84,17,41,16,23,9,13,32
201911180HOU,Houston Rockets,47,100,17,45,21,26,17,16,41
201911180LAC,Los Angeles Clippers,35,87,10,36,10,14,13,17,36
201911180NYK,New York Knicks,44,98,8,23,27,35,19,7,28
201911180PHO,Phoenix Suns,33,82,10,36,9,12,8,19,37
201911180TOR,Toronto Raptors,50,97,20,43,12,15,16,10,37
201911180UTA,Utah Jazz,35,96,12,31,20,26,12,14,41
201911190LAL,Los Angeles Lakers,43,89,14,31,12,19,14,16,32
201911190MEM,Memphis Grizzlies,36,88,9,25,14,19,7,12,30
201911190NOP,New Orleans Pelicans,41,93,13,36,20,24,16,13,37
201911190SAC,Sacramento Kings,42,79,13,31,23,25,8,18,35
201911200ATL,Atlanta Hawks,44,96,14,31,25,31,9,13,34
201911200BRK,Brooklyn Nets,36,90,10,39,19,23,13,15,40
201911200CHI,Chicago Bulls,39,91,14,27,17,26,12,14,43
201911200DAL,Dallas Mavericks,51,90,22,38,18,23,8,11,42
201911200DEN,Denver Nuggets,44,94,9,27,8,15,15,14,33
201911200LAC,Los Angeles Clippers,39,93,17,45,12,16,14,23,39
201911200MIA,Miami Heat,41,78,19,37,23,31,12,23,32
201911200MIN,Minnesota Timberwolves,35,89,14,45,11,21,12,13,39
201911200PHI,Philadelphia 76ers,39,89,13,32,18,26,10,10,34
201911200TOR,Toronto Raptors,45,87,9,27,14,19,10,11,37
201911200WAS,Washington Wizards,54,92,18,30,12,15,6,17,32
201911210MIL,Milwaukee Bucks,50,106,16,43,21,26,18,12,40
201911210PHO,Phoenix Suns,40,86,13,31,28,32,9,14,29
201911220BRK,Brooklyn Nets,41,81,12,34,22,31,13,18,35
201911220CHI,Chicago Bulls,41,90,10,30,16,20,14,13,27
201911220DAL,Dallas Mavericks,58,100,20,37,7,9,10,5,39
201911220DEN,Denver Nuggets,39,88,7,28,11,13,11,17,37
201911220DET,Detroit Pistons,49,82,17,34,13,20,12,18,30
201911220LAC,Los Angeles Clippers,45,87,13,33,19,24,10,19,37
201911220OKC,Oklahoma City Thunder,49,93,11,31,18,20,6,11,31
201911220PHI,Philadelphia 76ers,46,89,10,26,13,19,13,15,38
201911220UTA,Utah Jazz,43,85,14,32,13,16,8,17,40
201911220WAS,Washington Wizards,48,91,14,34,15,20,6,11,35
201911230ATL,Atlanta Hawks,47,90,14,34,8,11,8,15,30
201911230CHO,Charlotte Hornets,44,80,12,28,15,22,10,19,33
201911230CLE,Cleveland Cavaliers,37,87,10,31,26,32,9,13,43
201911230IND,Indiana Pacers,43,79,10,24,15,16,7,19,35
201911230MEM,Memphis Grizzlies,43,89,14,30,8,13,12,19,35
201911230MIL,Milwaukee Bucks,41,84,13,37,9,18,9,21,40
201911230MIN,Minnesota Timberwolves,38,91,12,42,10,17,9,14,48
201911230NYK,New York Knicks,40,93,15,40,9,15,10,11,27
201911230PHI,Philadelphia 76ers,42,83,14,29,15,17,8,14,36
201911230UTA,Utah Jazz,42,82,15,36,29,33,7,17,42
201911240DEN,Denver Nuggets,43,91,14,31,16,23,19,10,33
201911240HOU,Houston Rockets,45,98,10,44,23,31,15,11,39
201911240LAC,Los Angeles Clippers,46,98,16,43,26,33,16,6,40
201911240NYK,New York Knicks,37,80,18,35,9,16,9,16,34
201911240WAS,Washington Wizards,42,92,13,34,9,12,12,16,33
201911250ATL,Atlanta Hawks,41,94,10,32,21,26,9,17,33
201911250BOS,Boston Celtics,38,85,7,30,20,23,11,11,27
201911250CHI,Chicago Bulls,36,86,9,39,13,20,8,17,29
201911250CLE,Cleveland Cavaliers,40,94,13,32,13,20,12,10,33
201911250DET,Detroit Pistons,34,79,14,38,21,25,9,13,40
201911250GSW,Golden State Warriors,37,89,9,20,14,16,9,12,32
201911250IND,Indiana Pacers,51,94,18,33,6,10,10,13,37
201911250MIA,Miami Heat,40,77,13,31,24,28,8,18,41
201911250MIL,Milwaukee Bucks,43,97,13,41,23,29,15,9,34
201911250SAS,San Antonio Spurs,41,88,10,25,12,15,9,13,32
201911250TOR,Toronto Raptors,38,84,11,34,14,22,8,10,32
201911260DAL,Dallas Mavericks,30,79,11,38,28,35,9,20,37
201911260DEN,Denver Nuggets,47,90,6,24,17,23,10,20,48
201911270BOS,Boston Celtics,43,97,13,34,22,24,19,14,36
201911270CHO,Charlotte Hornets,39,88,7,30,17,20,10,3,31
201911270CLE,Cleveland Cavaliers,37,81,11,34,19,22,12,25,37
201911270GSW,Golden State Warriors,37,81,11,29,19,26,13,20,41
201911270HOU,Houston Rockets,38,83,15,44,26,33,9,15,34
201911270IND,Indiana Pacers,50,96,8,22,13,16,11,12,31
201911270MEM,Memphis Grizzlies,43,92,11,28,22,26,13,20,35
201911270MIL,Milwaukee Bucks,42,88,10,34,17,27,10,14,37
201911270NOP,New Orleans Pelicans,34,84,17,40,25,30,13,19,29
201911270PHI,Philadelphia 76ers,36,77,5,26,20,24,7,17,42
201911270PHO,Phoenix Suns,48,93,15,38,21,24,12,15,28
201911270POR,Portland Trail Blazers,49,94,14,30,24,24,10,9,44
201911270SAS,San Antonio Spurs,41,97,5,29,14,17,8,6,38
201911270TOR,Toronto Raptors,46,94,21,41,13,17,17,12,35
201911290BRK,Brooklyn Nets,43,93,17,41,9,13,13,18,36
201911290CLE,Cleveland Cavaliers,44,88,17,34,5,10,8,14,33
201911290DET,Detroit Pistons,41,83,15,35,10,20,14,13,31
201911290IND,Indiana Pacers,39,92,6,26,21,28,9,15,33
201911290LAL,Los Angeles Lakers,45,87,14,32,21,28,7,18,40
201911290MEM,Memphis Grizzlies,37,94,10,34,10,17,15,11,40
201911290MIA,Miami Heat,44,82,13,25,21,28,10,15,39
201911290NYK,New York Knicks,34,78,8,20,19,33,9,14,28
201911290OKC,Oklahoma City Thunder,43,90,13,34,10,16,6,11,36
201911290ORL,Orlando Magic,27,78,7,29,22,27,13,22,39
201911290PHO,Phoenix Suns,41,93,13,38,18,25,11,10,36
201911290POR,Portland Trail Blazers,38,84,10,30,21,28,8,13,41
201911290SAS,San Antonio Spurs,40,93,14,36,13,14,8,9,40
201911300HOU,Houston Rockets,52,89,25,51,29,34,13,15,39
201911300MIL,Milwaukee Bucks,54,96,20,44,9,15,7,7,46
201911300PHI,Philadelphia 76ers,38,77,11,23,32,36,4,12,28
201911300SAC,Sacramento Kings,37,96,8,33,18,21,13,14,37
201912010BRK,Brooklyn Nets,40,91,14,42,12,16,9,12,39
201912010DET,Detroit Pistons,52,88,15,31,13,18,11,15,39
201912010LAC,Los Angeles Clippers,52,94,14,32,32,40,10,16,42
201912010LAL,Los Angeles Lakers,40,87,7,27,13,16,9,17,36
201912010MIN,Minnesota Timberwolves,33,85,11,36,30,35,10,16,43
201912010NOP,New Orleans Pelicans,39,87,17,38,9,10,3,11,38
201912010NYK,New York Knicks,35,76,8,26,26,37,8,14,31
201912010ORL,Orlando Magic,37,87,11,33,15,22,12,12,36
201912010TOR,Toronto Raptors,47,90,19,36,17,21,7,14,36
201912020ATL,Atlanta Hawks,41,89,8,29,14,15,11,14,27
201912020CHO,Charlotte Hornets,38,84,7,25,21,26,14,19,39
201912020MEM,Memphis Grizzlies,38,89,10,38,18,19,8,11,30
201912020MIL,Milwaukee Bucks,48,86,16,35,20,32,10,13,47
201912020PHI,Philadelphia 76ers,37,91,13,26,16,23,8,14,39
201912020SAC,Sacramento Kings,40,83,9,33,17,20,10,18,31
201912030CLE,Cleveland Cavaliers,38,90,8,27,10,14,12,13,28
201912030DEN,Denver Nuggets,37,91,6,29,16,17,7,11,28
201912030LAC,Los Angeles Clippers,43,94,17,34,14,25,11,10,38
201912030NOP,New Orleans Pelicans,38,94,11,41,10,15,9,11,38
201912030SAS,San Antonio Spurs,50,106,13,30,22,32,12,20,44
201912030TOR,Toronto Raptors,35,91,11,43,29,36,9,11,39
201912030WAS,Washington Wizards,45,89,12,35,18,23,5,10,33
201912040ATL,Atlanta Hawks,48,90,9,26,13,21,9,16,26
201912040BOS,Boston Celtics,35,79,16,41,26,32,10,10,36
201912040CHI,Chicago Bulls,33,77,13,33,27,37,10,20,40
201912040CHO,Charlotte Hornets,40,87,21,48,5,8,11,13,33
201912040DAL,Dallas Mavericks,46,92,11,37,18,23,13,8,32
201912040DET,Detroit Pistons,39,93,11,36,14,22,9,11,31
201912040OKC,Oklahoma City Thunder,41,84,9,26,9,10,8,11,29
201912040ORL,Orlando Magic,49,85,14,25,16,20,11,19,34
201912040POR,Portland Trail Blazers,47,84,16,32,17,21,6,12,37
201912040UTA,Utah Jazz,34,83,14,31,14,19,8,18,32
201912050NOP,New Orleans Pelicans,44,87,17,41,27,35,6,23,34
201912050NYK,New York Knicks,34,83,9,34,15,23,5,14,28
201912050TOR,Toronto Raptors,38,88,12,39,21,24,12,17,33
201912050WAS,Washington Wizards,41,90,11,27,26,32,13,11,28
201912060BOS,Boston Celtics,44,82,13,35,7,8,4,15,33
201912060CHI,Chicago Bulls,39,88,17,41,3,5,10,14,27
201912060CHO,Charlotte Hornets,36,83,17,40,15,17,10,19,24
201912060CLE,Cleveland Cavaliers,35,83,10,34,7,10,10,16,35
201912060DET,Detroit Pistons,39,87,11,25,19,26,14,17,37
201912060MIA,Miami Heat,42,86,10,28,18,24,11,12,39
201912060MIL,Milwaukee Bucks,44,94,14,36,17,21,13,15,40
201912060OKC,Oklahoma City Thunder,49,88,5,18,36,40,9,10,30
201912060POR,Portland Trail Blazers,39,86,10,34,25,29,4,15,30
201912060SAS,San Antonio Spurs,41,96,11,32,12,17,13,16,39
201912070DAL,Dallas Mavericks,46,86,13,38,25,31,8,12,47
201912070HOU,Houston Rockets,41,91,11,40,22,30,10,15,41
201912070NYK,New York Knicks,39,96,10,31,15,21,15,11,37
201912070PHI,Philadelphia 76ers,57,90,11,26,16,23,10,8,41
201912070UTA,Utah Jazz,45,80,19,34,17,18,9,22,32
201912080BRK,Brooklyn Nets,40,87,7,28,18,23,10,11,38
201912080CHO,Charlotte Hornets,36,90,11,31,24,29,13,11,31
201912080DAL,Dallas Mavericks,41,86,17,44,7,8,10,12,30
201912080LAL,Los Angeles Lakers,55,94,14,31,18,20,10,10,31
201912080MIA,Miami Heat,32,77,11,35,35,44,10,17,33
201912080PHI,Philadelphia 76ers,40,79,14,32,16,21,6,18,34
201912080POR,Portland Trail Blazers,36,100,9,33,15,18,18,8,33
201912080WAS,Washington Wizards,40,88,14,33,25,30,8,13,30
201912090BOS,Boston Celtics,45,78,15,27,5,8,5,18,34
201912090CHI,Chicago Bulls,35,89,12,46,10,14,9,14,36
201912090GSW,Golden State Warriors,35,93,11,27,21,25,10,15,36
201912090HOU,Houston Rockets,41,84,17,50,19,23,11,19,40
201912090IND,Indiana Pacers,34,97,10,35,21,28,14,13,42
201912090MIL,Milwaukee Bucks,43,92,16,41,8,15,10,14,44
201912090NOP,New Orleans Pelicans,40,91,8,38,15,22,10,12,35
201912090PHO,Phoenix Suns,47,95,16,40,15,19,12,9,30
201912090UTA,Utah Jazz,36,89,8,31,10,12,7,14,41
201912100CHO,Charlotte Hornets,38,85,16,41,22,28,11,13,37
201912100MIA,Miami Heat,53,103,14,41,15,22,9,11,44
201912100PHI,Philadelphia 76ers,37,89,12,36,11,16,12,15,37
201912100POR,Portland Trail Blazers,39,90,17,41,20,24,11,12,47
201912110BRK,Brooklyn Nets,38,88,10,38,22,33,17,12,35
201912110CHI,Chicago Bulls,54,94,11,24,17,19,7,13,35
201912110CLE,Cleveland Cavaliers,46,89,13,32,5,8,9,15,27
201912110GSW,Golden State Warriors,45,104,10,37,22,30,14,8,32
201912110IND,Indiana Pacers,41,85,10,25,30,36,5,10,31
201912110MIL,Milwaukee Bucks,50,93,19,39,8,9,5,14,38
201912110MIN,Minnesota Timberwolves,40,91,15,41,21,26,15,11,27
201912110ORL,Orlando Magic,34,81,8,26,11,17,8,14,33
201912110PHO,Phoenix Suns,37,93,9,34,25,30,8,12,36
201912110SAC,Sacramento Kings,39,88,10,31,6,10,6,15,35
201912110TOR,Toronto Raptors,31,88,8,36,22,25,15,18,32
201912120BOS,Boston Celtics,42,91,11,31,14,17,9,6,24
201912120DEN,Denver Nuggets,42,88,18,36,12,19,15,10,33
201912120DET,Detroit Pistons,40,89,15,42,16,23,5,7,29
201912120SAS,San Antonio Spurs,42,86,5,16,20,25,2,12,34
201912130ATL,Atlanta Hawks,39,94,6,28,16,23,12,15,38
201912130CHI,Chicago Bulls,27,90,7,34,12,14,11,12,34
201912130MEM,Memphis Grizzlies,38,98,20,49,18,23,11,13,34
201912130MIA,Miami Heat,39,85,10,33,22,28,5,8,29
201912130MIN,Minnesota Timberwolves,38,85,10,41,31,37,7,18,32
201912130ORL,Orlando Magic,40,91,15,37,12,16,13,6,24
201912130PHI,Philadelphia 76ers,43,87,7,20,23,34,9,9,38
201912130SAC,Sacramento Kings,39,83,17,39,6,8,8,13,33
201912130UTA,Utah Jazz,37,79,16,38,24,31,7,13,36
201912140CHI,Chicago Bulls,40,85,14,31,15,18,12,17,38
201912140DAL,Dallas Mavericks,45,101,17,44,11,17,8,11,40
201912140DEN,Denver Nuggets,43,85,7,27,17,23,10,15,34
201912140HOU,Houston Rockets,41,102,13,45,12,18,11,11,35
201912140MEM,Memphis Grizzlies,48,84,11,27,21,24,9,23,37
201912140MIL,Milwaukee Bucks,46,85,14,37,19,26,8,12,33
201912140PHO,Phoenix Suns,45,103,10,40,19,26,6,10,53
201912140TOR,Toronto Raptors,38,98,14,40,20,25,10,11,41
201912150ATL,Atlanta Hawks,31,86,12,42,22,25,8,19,34
201912150BRK,Brooklyn Nets,43,94,9,24,14,18,12,16,39
201912150DEN,Denver Nuggets,44,94,10,28,13,19,17,9,31
201912150GSW,Golden State Warriors,30,76,6,25,13,18,7,20,18
201912150IND,Indiana Pacers,40,88,10,35,17,20,8,9,43
201912150NOP,New Orleans Pelicans,47,88,19,43,6,12,11,17,29
201912160DET,Detroit Pistons,41,86,13,39,24,34,12,14,24
201912160HOU,Houston Rockets,40,98,11,43,18,27,14,12,44
201912160MEM,Memphis Grizzlies,42,86,13,36,21,30,16,15,29
201912160MIL,Milwaukee Bucks,44,105,11,41,17,24,15,8,37
201912160OKC,Oklahoma City Thunder,35,69,16,34,23,28,9,26,33
201912160PHO,Phoenix Suns,41,90,12,34,16,19,11,20,33
201912160TOR,Toronto Raptors,52,89,16,32,13,17,6,7,35
201912170CHO,Charlotte Hornets,39,81,13,30,19,27,16,16,35
201912170IND,Indiana Pacers,41,85,10,25,13,20,13,12,30
201912170LAC,Los Angeles Clippers,45,89,14,32,16,22,6,15,38
201912170NOP,New Orleans Pelicans,37,107,11,40,16,24,16,8,42
201912170NYK,New York Knicks,53,95,13,28,24,31,13,11,42
201912170UTA,Utah Jazz,42,90,15,36,10,16,10,14,48
201912180CLE,Cleveland Cavaliers,40,74,7,26,13,17,10,23,38
201912180DAL,Dallas Mavericks,34,87,15,43,20,25,10,7,32
201912180DEN,Denver Nuggets,40,84,11,27,22,25,14,17,38
201912180DET,Detroit Pistons,39,87,6,35,15,22,10,15,38
201912180MIN,Minnesota Timberwolves,36,95,10,39,17,27,12,10,31
201912180OKC,Oklahoma City Thunder,46,84,7,24,27,34,6,12,29
201912180PHI,Philadelphia 76ers,38,90,12,39,16,18,15,13,26
201912180POR,Portland Trail Blazers,44,97,9,31,25,28,14,10,43
201912180WAS,Washington Wizards,34,95,14,45,27,32,14,14,41
201912190ATL,Atlanta Hawks,39,90,11,29,17,19,6,16,34
201912190LAC,Los Angeles Clippers,43,86,16,37,15,19,7,18,31
201912190MIL,Milwaukee Bucks,36,77,16,39,23,32,8,13,32
201912190SAS,San Antonio Spurs,43,96,13,33,19,23,13,11,34
201912200BOS,Boston Celtics,45,86,9,27,15,21,13,20,38
201912200CLE,Cleveland Cavaliers,40,92,17,37,17,23,16,14,44
201912200DEN,Denver Nuggets,44,89,10,28,11,12,10,15,34
201912200GSW,Golden State Warriors,36,83,10,33,24,25,10,17,37
201912200IND,Indiana Pacers,45,86,14,31,15,18,7,9,32
201912200MIA,Miami Heat,43,77,18,38,25,34,9,17,42
201912200OKC,Oklahoma City Thunder,49,87,10,24,18,21,8,15,33
201912200PHI,Philadelphia 76ers,38,90,10,34,12,18,11,15,35
201912200POR,Portland Trail Blazers,42,84,17,36,17,19,11,20,43
201912200TOR,Toronto Raptors,38,78,12,30,34,44,6,17,36
201912210BRK,Brooklyn Nets,46,100,11,30,19,28,12,15,49
201912210CHO,Charlotte Hornets,39,85,12,29,17,22,11,14,25
201912210DET,Detroit Pistons,40,87,16,35,11,12,6,16,23
201912210MEM,Memphis Grizzlies,40,83,15,35,24,29,8,14,36
201912210NYK,New York Knicks,39,97,9,30,15,21,9,14,38
201912210PHI,Philadelphia 76ers,49,94,14,33,13,21,16,14,37
201912210PHO,Phoenix Suns,47,91,8,28,23,30,10,8,31
201912210POR,Portland Trail Blazers,40,94,13,35,20,25,12,14,33
201912210SAS,San Antonio Spurs,42,82,10,28,15,19,4,18,32
201912220BOS,Boston Celtics,46,88,14,32,13,16,10,11,47
201912220LAL,Los Angeles Lakers,39,83,10,29,16,22,18,19,27
201912220MIL,Milwaukee Bucks,44,104,15,44,14,17,16,9,45
201912220OKC,Oklahoma City Thunder,46,97,9,27,17,20,16,12,33
201912220TOR,Toronto Raptors,37,94,10,34,26,31,14,10,37
201912230CLE,Cleveland Cavaliers,50,96,11,29,10,12,7,23,36
201912230DET,Detroit Pistons,43,84,10,30,13,18,6,13,24
201912230GSW,Golden State Warriors,38,87,12,30,25,30,13,19,42
201912230IND,Indiana Pacers,45,95,18,42,12,20,13,12,32
201912230MEM,Memphis Grizzlies,45,96,15,37,10,16,11,13,24
201912230MIA,Miami Heat,37,90,9,25,24,27,13,14,43
201912230NYK,New York Knicks,44,93,15,36,12,15,11,14,33
201912230ORL,Orlando Magic,39,81,10,26,15,23,6,13,40
201912230PHO,Phoenix Suns,42,87,13,37,14,18,9,17,29
201912230POR,Portland Trail Blazers,37,91,4,29,16,18,8,11,40
201912230SAC,Sacramento Kings,41,87,7,30,15,23,11,17,38
201912250DEN,Denver Nuggets,37,92,12,37,14,18,13,12,27
201912250GSW,Golden State Warriors,41,87,9,28,25,28,11,16,43
201912250LAL,Los Angeles Lakers,39,96,12,45,16,21,12,13,30
201912250PHI,Philadelphia 76ers,44,101,21,44,12,15,14,7,35
201912250TOR,Toronto Raptors,38,80,8,23,18,22,7,17,27
201912260BRK,Brooklyn Nets,21,78,13,50,27,36,9,13,41
201912260DAL,Dallas Mavericks,38,90,16,40,10,15,13,14,39
201912260DET,Detroit Pistons,46,86,19,48,21,26,11,14,37
201912260OKC,Oklahoma City Thunder,38,92,10,35,11,13,7,9,27
201912260SAC,Sacramento Kings,37,107,9,39,21,25,16,12,51
201912260UTA,Utah Jazz,46,81,14,36,15,22,7,10,34
201912270ATL,Atlanta Hawks,33,91,12,41,8,14,8,18,38
201912270BOS,Boston Celtics,49,95,14,40,17,19,12,11,31
201912270CHO,Charlotte Hornets,42,101,7,39,11,18,17,15,37
201912270GSW,Golden State Warriors,38,92,9,27,20,25,11,10,30
201912270MIA,Miami Heat,40,89,16,38,17,19,14,13,42
201912270ORL,Orlando Magic,37,88,10,30,14,23,10,15,38
201912280BOS,Boston Celtics,31,78,7,32,28,36,7,14,24
201912280CHI,Chicago Bulls,43,87,15,31,15,19,13,17,38
201912280DEN,Denver Nuggets,45,93,9,29,20,27,10,10,33
201912280GSW,Golden State Warriors,45,93,18,39,13,17,9,13,33
201912280HOU,Houston Rockets,44,101,13,42,7,16,16,14,38
201912280LAC,Los Angeles Clippers,35,95,12,40,25,27,16,7,30
201912280MIA,Miami Heat,42,94,10,28,23,29,8,8,35
201912280MIL,Milwaukee Bucks,43,84,13,37,12,18,14,23,44
201912280MIN,Minnesota Timberwolves,33,93,8,37,14,19,14,18,26
201912280NOP,New Orleans Pelicans,43,93,18,42,16,20,11,12,38
201912280POR,Portland Trail Blazers,41,86,15,35,23,27,9,16,30
201912280SAC,Sacramento Kings,41,84,12,31,16,24,7,12,29
201912280SAS,San Antonio Spurs,53,93,18,35,12,15,7,11,44
201912280WAS,Washington Wizards,33,96,10,25,24,31,14,11,35
201912290DEN,Denver Nuggets,42,81,8,29,28,31,10,12,27
201912290LAL,Los Angeles Lakers,38,78,9,23,23,28,6,16,33
201912290MEM,Memphis Grizzlies,45,93,10,35,17,17,14,14,37
201912290NOP,New Orleans Pelicans,50,102,18,44,9,13,14,9,32
201912290TOR,Toronto Raptors,35,83,15,40,12,12,8,14,34
201912300CHI,Chicago Bulls,40,107,17,44,5,8,14,10,29
201912300MIN,Minnesota Timberwolves,42,104,17,44,21,29,11,14,49
201912300ORL,Orlando Magic,37,89,5,25,14,24,11,9,29
201912300POR,Portland Trail Blazers,44,96,14,34,14,18,10,8,32
201912300UTA,Utah Jazz,39,83,10,26,16,20,9,14,37
201912300WAS,Washington Wizards,43,84,17,37,20,30,9,9,31
201912310CHO,Charlotte Hornets,34,86,12,34,12,16,8,17,33
201912310HOU,Houston Rockets,46,87,16,34,22,31,13,15,30
201912310IND,Indiana Pacers,42,86,11,25,20,26,5,6,33
201912310OKC,Oklahoma City Thunder,39,91,6,27,22,28,18,11,38
201912310SAC,Sacramento Kings,33,80,8,28,13,19,11,15,30
201912310SAS,San Antonio Spurs,45,96,14,31,13,17,10,10,43
201912310TOR,Toronto Raptors,40,84,17,39,20,25,10,11,35
202001010LAL,Los Angeles Lakers,43,90,7,28,24,34,13,12,32
202001010MIL,Milwaukee Bucks,40,94,9,36,17,26,12,17,48
202001010NYK,New York Knicks,47,98,14,36,9,14,9,7,46
202001010WAS,Washington Wizards,33,87,9,31,26,31,9,13,37
202001020CHI,Chicago Bulls,37,94,11,36,13,17,15,10,30
202001020CLE,Cleveland Cavaliers,41,81,13,35,11,14,7,14,35
202001020DAL,Dallas Mavericks,45,89,18,38,15,17,12,13,34
202001020IND,Indiana Pacers,43,82,12,26,18,25,9,9,25
202001020LAC,Los Angeles Clippers,50,92,11,28,15,21,11,15,40
202001020MIA,Miami Heat,33,81,12,37,6,11,9,13,41
202001020MIN,Minnesota Timberwolves,38,95,13,43,10,17,17,12,35
202001020SAC,Sacramento Kings,44,90,14,34,26,31,7,12,34
202001020SAS,San Antonio Spurs,40,92,13,31,10,12,14,8,31
202001030BOS,Boston Celtics,41,93,6,25,21,29,12,12,42
202001030HOU,Houston Rockets,41,86,12,32,24,32,8,11,38
202001030LAL,Los Angeles Lakers,43,86,14,29,23,28,8,12,39
202001030ORL,Orlando Magic,33,81,13,35,26,29,7,10,37
202001030PHO,Phoenix Suns,42,90,10,28,26,33,9,10,39
202001030WAS,Washington Wizards,38,90,11,33,16,25,14,12,27
202001040ATL,Atlanta Hawks,42,82,10,32,22,24,4,13,36
202001040BRK,Brooklyn Nets,32,67,13,35,25,34,6,24,32
202001040CHI,Chicago Bulls,34,80,13,34,23,31,11,15,26
202001040CLE,Cleveland Cavaliers,39,85,14,30,14,17,9,13,33
202001040DAL,Dallas Mavericks,47,100,15,50,11,13,14,10,27
202001040GSW,Golden State Warriors,33,82,11,21,27,32,11,14,31
202001040LAC,Los Angeles Clippers,45,101,7,30,17,22,14,13,35
202001040MIL,Milwaukee Bucks,43,87,17,45,24,33,7,9,42
202001040ORL,Orlando Magic,38,85,11,37,9,12,9,10,37
202001040SAC,Sacramento Kings,38,85,12,21,27,36,14,20,37
202001040WAS,Washington Wizards,50,91,6,16,22,27,14,11,35
202001050CLE,Cleveland Cavaliers,40,84,8,25,15,19,12,20,32
202001050LAC,Los Angeles Clippers,45,83,18,32,27,33,10,19,32
202001050LAL,Los Angeles Lakers,42,92,6,20,16,23,11,13,39
202001050MIA,Miami Heat,47,90,18,44,10,16,11,10,36
202001050PHO,Phoenix Suns,43,95,6,26,22,26,12,10,34
202001060ATL,Atlanta Hawks,35,77,18,39,27,32,4,10,30
202001060CHO,Charlotte Hornets,37,81,10,30,20,22,8,11,30
202001060DAL,Dallas Mavericks,44,84,16,41,14,19,11,14,32
202001060NOP,New Orleans Pelicans,45,94,12,31,24,30,13,6,35
202001060ORL,Orlando Magic,35,81,8,26,23,31,11,18,49
202001060PHI,Philadelphia 76ers,46,90,13,26,15,18,9,10,33
202001060SAC,Sacramento Kings,39,81,15,30,18,23,6,22,37
202001060SAS,San Antonio Spurs,45,88,19,35,17,19,10,11,44
202001060WAS,Washington Wizards,39,84,7,21,14,23,7,14,40
202001070BRK,Brooklyn Nets,40,98,11,37,12,16,11,17,41
202001070CLE,Cleveland Cavaliers,42,85,14,31,15,16,11,16,35
202001070LAL,Los Angeles Lakers,41,82,17,36,18,21,6,17,42
202001070MEM,Memphis Grizzlies,46,89,8,28,19,21,9,15,35
202001070PHO,Phoenix Suns,37,77,11,35,18,22,6,17,35
202001070TOR,Toronto Raptors,35,96,15,42,14,19,17,13,40
202001080ATL,Atlanta Hawks,39,106,13,44,24,27,16,11,38
202001080BOS,Boston Celtics,37,89,13,38,27,30,8,15,31
202001080CHO,Charlotte Hornets,38,86,15,37,19,26,13,17,37
202001080DAL,Dallas Mavericks,39,77,12,35,16,24,6,13,32
202001080GSW,Golden State Warriors,33,87,15,38,17,20,12,18,40
202001080IND,Indiana Pacers,40,84,9,27,19,25,6,12,31
202001080NOP,New Orleans Pelicans,41,87,15,44,26,32,12,14,38
202001080ORL,Orlando Magic,43,87,10,27,27,34,13,16,38
202001080UTA,Utah Jazz,49,90,16,43,14,23,12,7,38
202001090DET,Detroit Pistons,48,98,6,20,10,16,19,15,27
202001090MIN,Minnesota Timberwolves,44,89,13,32,15,21,15,14,41
202001090OKC,Oklahoma City Thunder,43,87,11,32,16,20,9,13,43
202001090PHI,Philadelphia 76ers,43,88,11,27,12,17,13,12,35
202001100BRK,Brooklyn Nets,45,93,15,44,12,19,14,9,37
202001100CHI,Chicago Bulls,37,80,18,41,13,16,6,15,30
202001100DAL,Dallas Mavericks,39,96,11,38,25,37,17,9,30
202001100LAC,Los Angeles Clippers,41,84,11,39,16,22,9,19,45
202001100MEM,Memphis Grizzlies,52,100,16,38,14,16,11,8,38
202001100NYK,New York Knicks,46,100,5,27,14,20,14,13,32
202001100PHO,Phoenix Suns,33,79,9,28,23,26,9,14,35
202001100SAC,Sacramento Kings,44,96,10,35,8,10,6,16,39
202001100UTA,Utah Jazz,40,79,18,42,11,14,9,15,31
202001100WAS,Washington Wizards,42,112,10,29,17,28,19,9,38
202001110BOS,Boston Celtics,55,100,14,29,16,18,10,10,43
202001110DAL,Dallas Mavericks,40,79,11,27,18,27,11,15,43
202001110DEN,Denver Nuggets,41,95,8,39,13,18,11,5,31
202001110DET,Detroit Pistons,36,78,9,28,18,27,12,19,30
202001110HOU,Houston Rockets,49,95,18,45,23,29,12,18,46
202001110OKC,Oklahoma City Thunder,43,92,9,31,15,17,5,7,32
202001110POR,Portland Trail Blazers,37,95,10,36,17,21,8,13,40
202001120BRK,Brooklyn Nets,41,77,10,26,16,29,7,24,55
202001120DEN,Denver Nuggets,37,77,11,25,29,37,9,13,35
202001120MEM,Memphis Grizzlies,45,100,11,35,21,25,18,16,42
202001120NYK,New York Knicks,46,90,9,31,23,28,10,6,29
202001120PHO,Phoenix Suns,41,82,7,21,11,18,12,18,39
202001120TOR,Toronto Raptors,39,96,17,48,9,11,8,11,37
202001120WAS,Washington Wizards,47,93,7,22,15,17,9,9,28
202001130BOS,Boston Celtics,39,83,9,23,26,29,10,12,33
202001130DET,Detroit Pistons,40,99,11,32,19,24,5,9,38
202001130IND,Indiana Pacers,33,86,10,26,25,31,13,9,37
202001130LAL,Los Angeles Lakers,48,88,11,30,21,28,11,9,34
202001130MIN,Minnesota Timberwolves,38,91,12,35,16,21,9,9,28
202001130POR,Portland Trail Blazers,42,83,16,37,15,19,9,13,38
202001130SAC,Sacramento Kings,45,87,12,31,10,11,4,12,40
202001140ATL,Atlanta Hawks,46,93,14,31,17,20,12,15,34
202001140BRK,Brooklyn Nets,45,90,8,26,9,15,11,12,32
202001140GSW,Golden State Warriors,39,87,9,32,10,13,7,14,29
202001140LAC,Los Angeles Clippers,49,94,15,38,15,21,14,11,39
202001140MEM,Memphis Grizzlies,46,91,13,37,16,19,7,7,35
202001140MIL,Milwaukee Bucks,45,92,15,36,23,28,8,14,51
202001150BOS,Boston Celtics,41,83,9,28,12,20,13,15,31
202001150CHI,Chicago Bulls,43,85,14,38,15,22,8,15,33
202001150DEN,Denver Nuggets,38,79,9,28,15,25,3,11,37
202001150HOU,Houston Rockets,38,96,16,49,15,23,12,12,38
202001150LAL,Los Angeles Lakers,48,97,15,38,7,11,13,16,35
202001150MIA,Miami Heat,41,88,17,40,7,13,8,9,41
202001150MIN,Minnesota Timberwolves,38,88,11,28,12,16,10,15,35
202001150OKC,Oklahoma City Thunder,43,85,16,42,19,20,4,18,27
202001150PHI,Philadelphia 76ers,45,88,11,30,16,25,13,12,36
202001150SAC,Sacramento Kings,50,96,12,33,11,20,11,8,31
202001160GSW,Golden State Warriors,42,95,20,45,27,31,10,18,32
202001160LAC,Los Angeles Clippers,47,95,14,32,14,20,10,9,49
202001160MIL,Milwaukee Bucks,43,87,16,31,26,37,7,10,43
202001160NOP,New Orleans Pelicans,51,93,11,26,25,35,9,13,36
202001160NYK,New York Knicks,37,90,8,26,16,24,10,18,30
202001170DAL,Dallas Mavericks,39,89,20,47,22,28,13,13,30
202001170IND,Indiana Pacers,46,82,8,24,16,20,4,13,37
202001170MEM,Memphis Grizzlies,45,89,9,28,14,20,7,12,37
202001170OKC,Oklahoma City Thunder,37,84,18,46,16,18,6,10,29
202001170PHI,Philadelphia 76ers,40,82,9,29,11,11,9,11,35
202001170SAS,San Antonio Spurs,45,98,8,29,22,23,14,15,34
202001170TOR,Toronto Raptors,52,91,22,43,14,16,7,19,34
202001180ATL,Atlanta Hawks,40,93,10,34,13,15,10,19,22
202001180BOS,Boston Celtics,42,96,15,42,20,22,4,11,35
202001180BRK,Brooklyn Nets,33,99,15,49,16,17,12,17,35
202001180CHI,Chicago Bulls,48,87,9,25,13,17,4,12,22
202001180GSW,Golden State Warriors,43,94,12,40,11,11,7,10,37
202001180HOU,Houston Rockets,40,90,12,37,23,29,11,20,35
202001180MIN,Minnesota Timberwolves,38,94,14,50,22,27,12,17,37
202001180NOP,New Orleans Pelicans,46,86,15,41,23,36,12,21,36
202001180NYK,New York Knicks,35,88,6,25,11,18,12,14,36
202001180OKC,Oklahoma City Thunder,43,83,7,22,26,36,12,12,36
202001180UTA,Utah Jazz,43,85,14,42,23,24,10,8,37
202001190DEN,Denver Nuggets,41,88,3,23,22,32,12,9,32
202001190SAS,San Antonio Spurs,36,85,12,33,23,24,9,11,34
202001200ATL,Atlanta Hawks,41,83,12,33,23,33,9,23,41
202001200BOS,Boston Celtics,52,93,16,34,19,29,14,12,34
202001200BRK,Brooklyn Nets,39,81,11,29,22,34,13,22,34
202001200CHO,Charlotte Hornets,29,76,10,33,15,20,9,18,30
202001200CLE,Cleveland Cavaliers,32,94,11,33,11,17,16,10,37
202001200HOU,Houston Rockets,43,97,9,45,12,17,9,11,34
202001200MEM,Memphis Grizzlies,46,103,9,33,15,21,15,14,36
202001200MIA,Miami Heat,42,83,16,42,18,22,5,21,37
202001200MIL,Milwaukee Bucks,45,77,11,26,10,23,3,23,45
202001200MIN,Minnesota Timberwolves,38,91,13,42,11,14,11,9,31
202001200PHO,Phoenix Suns,42,80,8,22,26,30,8,14,35
202001200POR,Portland Trail Blazers,44,100,14,44,27,30,12,12,42
202001200UTA,Utah Jazz,47,87,12,31,12,12,11,21,42
202001200WAS,Washington Wizards,42,82,9,24,13,16,6,19,38
202001210DAL,Dallas Mavericks,39,91,12,43,17,24,12,12,37
202001220ATL,Atlanta Hawks,36,102,11,35,19,23,23,15,40
202001220BOS,Boston Celtics,45,89,14,32,15,20,9,9,35
202001220CHI,Chicago Bulls,39,84,9,30,30,37,12,12,38
202001220DET,Detroit Pistons,39,73,12,29,37,44,3,17,45
202001220GSW,Golden State Warriors,35,88,6,23,20,24,11,8,26
202001220HOU,Houston Rockets,42,89,13,29,24,28,18,17,35
202001220MIA,Miami Heat,43,85,17,33,31,36,6,16,37
202001220NOP,New Orleans Pelicans,39,84,14,36,25,32,8,14,33
202001220NYK,New York Knicks,36,88,11,34,9,13,13,17,34
202001220ORL,Orlando Magic,44,92,14,35,12,16,11,14,28
202001220PHO,Phoenix Suns,30,84,4,20,23,26,9,13,35
202001220TOR,Toronto Raptors,40,86,13,33,14,21,8,12,45
202001230BRK,Brooklyn Nets,40,91,21,46,12,15,8,16,33
202001230CLE,Cleveland Cavaliers,44,96,11,33,13,17,10,8,26
202001230POR,Portland Trail Blazers,46,91,21,39,12,15,11,12,32
202001240CHI,Chicago Bulls,31,79,8,37,11,14,8,19,35
202001240CHO,Charlotte Hornets,32,86,14,39,25,30,8,13,31
202001240DET,Detroit Pistons,39,91,11,32,23,31,10,7,27
202001240GSW,Golden State Warriors,40,82,19,39,19,23,7,20,31
202001240MIA,Miami Heat,40,93,13,44,24,29,9,9,36
202001240MIN,Minnesota Timberwolves,48,98,11,32,17,20,13,17,38
202001240NOP,New Orleans Pelicans,38,82,12,27,18,30,12,17,33
202001240NYK,New York Knicks,42,85,13,36,15,21,14,14,32
202001240OKC,Oklahoma City Thunder,50,86,14,25,26,34,6,14,39
202001240ORL,Orlando Magic,36,90,12,37,14,19,13,14,33
202001240SAS,San Antonio Spurs,33,78,5,25,28,33,10,14,33
202001250CLE,Cleveland Cavaliers,42,84,13,30,9,11,11,21,32
202001250DET,Detroit Pistons,43,104,13,35,12,18,14,8,38
202001250MIN,Minnesota Timberwolves,40,90,12,43,12,18,7,13,34
202001250PHI,Philadelphia 76ers,41,78,13,37,13,19,8,21,33
202001250UTA,Utah Jazz,40,91,15,43,17,22,12,13,42
202001260ATL,Atlanta Hawks,54,93,15,35,29,34,12,14,36
202001260DEN,Denver Nuggets,44,93,11,28,18,20,11,14,31
202001260MEM,Memphis Grizzlies,44,84,8,19,18,26,8,25,38
202001260NOP,New Orleans Pelicans,44,92,16,36,19,29,18,18,36
202001260NYK,New York Knicks,49,92,6,19,6,13,14,13,34
202001260ORL,Orlando Magic,34,95,7,32,22,32,16,6,28
202001260POR,Portland Trail Blazers,49,90,20,35,21,25,12,15,31
202001260SAS,San Antonio Spurs,34,82,16,37,22,24,7,16,41
202001270CHI,Chicago Bulls,42,93,14,37,12,15,14,9,36
202001270DET,Detroit Pistons,38,84,12,35,12,17,9,17,28
202001270MIA,Miami Heat,42,79,14,28,15,16,3,10,38
202001270MIN,Minnesota Timberwolves,43,89,23,46,20,33,10,20,35
202001270OKC,Oklahoma City Thunder,34,86,12,30,17,19,6,8,42
202001270UTA,Utah Jazz,43,85,12,42,19,26,2,17,36
202001280CHO,Charlotte Hornets,34,88,8,32,21,27,16,13,35
202001280CLE,Cleveland Cavaliers,42,97,11,34,16,18,14,11,32
202001280DAL,Dallas Mavericks,37,83,7,33,23,27,8,15,25
202001280MEM,Memphis Grizzlies,46,82,6,18,6,14,6,16,35
202001280MIA,Miami Heat,33,89,9,37,26,31,11,10,34
202001280MIL,Milwaukee Bucks,50,90,19,37,32,35,11,14,35
202001280PHI,Philadelphia 76ers,42,82,11,32,20,26,2,14,42
202001280TOR,Toronto Raptors,48,97,13,43,21,27,10,12,42
202001290BRK,Brooklyn Nets,43,85,15,39,24,30,8,9,29
202001290IND,Indiana Pacers,46,89,7,27,16,22,13,17,33
202001290NYK,New York Knicks,39,91,9,28,19,29,11,16,35
202001290POR,Portland Trail Blazers,46,89,13,36,20,27,10,18,40
202001290SAC,Sacramento Kings,42,91,9,39,7,11,11,13,28
202001290SAS,San Antonio Spurs,46,82,8,31,27,30,4,9,31
202001300ATL,Atlanta Hawks,42,87,11,35,32,37,10,16,38
202001300BOS,Boston Celtics,42,88,15,35,20,22,14,22,37
202001300CLE,Cleveland Cavaliers,42,90,13,36,12,14,15,21,37
202001300DEN,Denver Nuggets,40,85,9,27,17,21,8,9,35
202001300LAC,Los Angeles Clippers,35,92,13,31,20,25,11,15,28
202001300WAS,Washington Wizards,41,86,14,37,25,27,19,18,38
202001310BRK,Brooklyn Nets,50,80,15,31,18,25,5,20,32
202001310DET,Detroit Pistons,28,79,11,36,25,34,13,15,32
202001310HOU,Houston Rockets,45,98,21,45,17,20,7,6,30
202001310LAL,Los Angeles Lakers,45,96,11,32,18,28,19,18,43
202001310MIL,Milwaukee Bucks,43,95,12,40,17,26,7,13,39
202001310NOP,New Orleans Pelicans,51,95,15,34,22,26,16,19,41
202001310PHO,Phoenix Suns,36,76,9,24,26,29,11,19,29
202002010BOS,Boston Celtics,38,80,8,30,32,41,9,10,33
202002010CLE,Cleveland Cavaliers,41,95,16,44,14,14,13,15,33
202002010DAL,Dallas Mavericks,44,94,20,39,15,16,10,9,43
202002010IND,Indiana Pacers,32,76,8,24,13,21,4,11,30
202002010LAC,Los Angeles Clippers,45,98,12,34,16,18,12,13,38
202002010ORL,Orlando Magic,33,83,9,33,14,17,7,9,32
202002010POR,Portland Trail Blazers,47,92,15,29,15,18,14,12,37
202002010SAC,Sacramento Kings,39,91,14,44,21,26,13,16,31
202002010SAS,San Antonio Spurs,45,87,10,28,14,21,7,10,37
202002010WAS,Washington Wizards,44,100,9,32,16,26,18,9,33
202002020DET,Detroit Pistons,48,94,14,31,18,24,11,11,32
202002020HOU,Houston Rockets,41,105,16,51,19,22,11,7,32
202002020MIL,Milwaukee Bucks,48,97,15,38,18,27,16,16,44
202002020TOR,Toronto Raptors,47,84,16,34,19,23,12,15,34
202002030ATL,Atlanta Hawks,42,84,12,30,19,21,6,17,26
202002030BRK,Brooklyn Nets,43,89,15,34,18,21,10,17,34
202002030CHO,Charlotte Hornets,41,89,9,31,9,14,15,12,31
202002030CLE,Cleveland Cavaliers,52,92,18,35,12,18,5,14,29
202002030IND,Indiana Pacers,44,96,7,34,8,11,8,4,32
202002030LAC,Los Angeles Clippers,39,84,11,27,19,24,5,12,46
202002030MEM,Memphis Grizzlies,42,90,2,17,10,12,7,11,40
202002030MIA,Miami Heat,48,85,16,32,25,30,6,3,29
202002030SAC,Sacramento Kings,38,75,14,27,23,31,7,16,27
202002030WAS,Washington Wizards,42,83,9,22,24,29,2,11,33
202002040DEN,Denver Nuggets,46,90,17,34,18,25,12,13,38
202002040HOU,Houston Rockets,43,97,20,60,19,23,7,4,34
202002040LAL,Los Angeles Lakers,50,85,12,28,17,25,12,14,46
202002040NOP,New Orleans Pelicans,38,99,14,49,18,24,8,17,41
202002050BOS,Boston Celtics,46,86,13,23,11,16,6,12,35
202002050BRK,Brooklyn Nets,51,100,14,34,13,15,14,13,51
202002050DAL,Dallas Mavericks,34,94,17,43,22,24,12,9,30
202002050DET,Detroit Pistons,46,95,12,28,12,16,14,6,28
202002050LAC,Los Angeles Clippers,45,89,24,54,14,19,8,11,43
202002050MIN,Minnesota Timberwolves,45,91,9,35,21,28,6,16,27
202002050OKC,Oklahoma City Thunder,38,81,9,26,24,30,5,12,35
202002050TOR,Toronto Raptors,43,86,12,32,21,24,7,10,30
202002050UTA,Utah Jazz,36,86,14,39,9,14,7,14,39
202002060CHI,Chicago Bulls,46,93,13,29,14,23,11,15,29
202002060LAL,Los Angeles Lakers,45,91,9,31,12,16,6,15,32
202002060MIL,Milwaukee Bucks,44,94,12,37,12,18,9,14,51
202002060NYK,New York Knicks,43,92,6,20,13,19,10,13,29
202002060POR,Portland Trail Blazers,49,92,18,37,9,12,9,12,41
202002070BOS,Boston Celtics,37,86,16,37,22,27,11,13,36
202002070IND,Indiana Pacers,39,86,10,34,18,22,11,20,36
202002070OKC,Oklahoma City Thunder,39,76,5,23,25,30,9,11,33
202002070PHI,Philadelphia 76ers,48,90,14,25,9,15,10,20,40
202002070PHO,Phoenix Suns,43,77,15,31,26,27,10,23,41
202002070SAC,Sacramento Kings,40,82,19,44,6,12,6,14,30
202002070UTA,Utah Jazz,45,91,10,30,17,24,13,15,43
202002070WAS,Washington Wizards,45,90,19,38,10,13,8,13,31
202002080CHO,Charlotte Hornets,38,87,11,36,13,18,12,10,27
202002080DET,Detroit Pistons,34,69,13,29,11,16,3,16,25
202002080GSW,Golden State Warriors,46,89,13,32,15,23,8,18,25
202002080IND,Indiana Pacers,44,83,9,26,20,27,2,14,35
202002080MIN,Minnesota Timberwolves,52,95,26,44,12,18,9,12,37
202002080ORL,Orlando Magic,37,98,10,40,11,14,10,9,36
202002080PHO,Phoenix Suns,38,87,9,32,23,23,11,13,30
202002080SAC,Sacramento Kings,45,86,19,35,13,20,8,10,31
202002080TOR,Toronto Raptors,45,95,14,35,15,21,13,7,35
202002090ATL,Atlanta Hawks,49,108,14,40,28,31,11,14,39
202002090CLE,Cleveland Cavaliers,35,95,7,33,15,22,16,16,29
202002090HOU,Houston Rockets,44,95,15,42,10,14,7,6,29
202002090OKC,Oklahoma City Thunder,39,86,11,27,22,29,12,10,32
202002090PHI,Philadelphia 76ers,42,84,11,27,23,32,15,16,29
202002090POR,Portland Trail Blazers,40,85,19,42,16,22,5,14,38
202002090WAS,Washington Wizards,35,100,7,33,22,29,9,7,41
202002100DAL,Dallas Mavericks,39,83,15,43,26,31,4,7,22
202002100DEN,Denver Nuggets,45,80,18,35,19,23,9,10,28
202002100DET,Detroit Pistons,29,82,7,35,11,13,19,21,33
202002100GSW,Golden State Warriors,30,77,11,34,30,34,6,15,34
202002100IND,Indiana Pacers,45,92,7,30,8,11,6,6,34
202002100LAL,Los Angeles Lakers,47,91,14,37,17,25,16,16,43
202002100MIL,Milwaukee Bucks,43,96,18,42,19,23,8,13,47
202002100ORL,Orlando Magic,50,95,18,38,17,22,14,10,31
202002100TOR,Toronto Raptors,51,89,17,33,18,23,9,18,32
202002110HOU,Houston Rockets,33,77,13,45,37,42,5,14,40
202002110NOP,New Orleans Pelicans,49,92,14,34,26,32,14,13,36
202002110OKC,Oklahoma City Thunder,39,85,11,31,17,21,6,13,29
202002110PHI,Philadelphia 76ers,44,95,8,27,14,21,11,6,39
202002110WAS,Washington Wizards,48,89,11,32,19,24,9,17,35
202002120BRK,Brooklyn Nets,36,88,9,35,20,25,12,12,43
202002120CLE,Cleveland Cavaliers,48,94,10,28,21,25,17,17,38
202002120DAL,Dallas Mavericks,48,85,17,40,17,21,3,11,44
202002120DEN,Denver Nuggets,44,88,11,25,17,22,3,10,39
202002120IND,Indiana Pacers,45,86,9,27,19,24,8,14,36
202002120MEM,Memphis Grizzlies,45,95,6,23,15,22,15,12,42
202002120MIN,Minnesota Timberwolves,39,101,14,49,16,20,14,11,34
202002120NYK,New York Knicks,36,88,3,23,21,29,14,20,38
202002120ORL,Orlando Magic,44,96,12,36,16,18,9,12,37
202002120PHO,Phoenix Suns,42,91,14,37,14,15,8,14,32
202002120UTA,Utah Jazz,41,85,14,36,20,23,10,14,43
202002130BOS,Boston Celtics,45,103,18,43,33,40,7,14,44
202002130NOP,New Orleans Pelicans,42,86,14,35,20,27,8,17,38
202002200ATL,Atlanta Hawks,41,85,16,35,31,35,6,16,35
202002200CHI,Chicago Bulls,37,87,7,31,12,19,12,13,26
202002200DET,Detroit Pistons,40,83,13,37,13,16,7,21,39
202002200GSW,Golden State Warriors,44,89,7,33,10,12,13,21,27
202002200PHI,Philadelphia 76ers,38,86,4,22,32,35,11,13,37
202002200SAC,Sacramento Kings,42,83,19,39,26,36,3,10,24
202002210LAL,Los Angeles Lakers,41,86,9,29,26,40,12,14,37
202002210MIN,Minnesota Timberwolves,36,89,15,42,30,35,8,8,35
202002210NYK,New York Knicks,35,81,11,25,17,25,5,15,35
202002210OKC,Oklahoma City Thunder,40,87,9,26,24,27,14,12,30
202002210ORL,Orlando Magic,41,104,9,43,15,19,16,7,32
202002210POR,Portland Trail Blazers,43,94,10,27,19,25,13,14,33
202002210TOR,Toronto Raptors,42,80,14,37,20,22,7,22,41
202002210UTA,Utah Jazz,35,82,12,33,22,26,6,17,41
202002210WAS,Washington Wizards,41,106,9,37,17,23,17,11,30
202002220ATL,Atlanta Hawks,43,98,8,37,17,26,13,10,40
202002220CHI,Chicago Bulls,36,83,14,38,18,21,11,25,27
202002220CHO,Charlotte Hornets,31,88,12,35,12,21,9,12,36
202002220LAC,Los Angeles Clippers,34,87,10,30,25,29,13,19,34
202002220MIA,Miami Heat,45,79,19,40,15,20,4,15,25
202002220MIL,Milwaukee Bucks,48,91,14,41,9,13,8,17,49
202002220UTA,Utah Jazz,42,90,7,31,19,24,6,13,40
202002230CHI,Chicago Bulls,45,81,18,37,18,28,10,26,27
202002230DEN,Denver Nuggets,53,90,11,30,11,17,5,13,33
202002230GSW,Golden State Warriors,40,92,11,35,10,15,11,13,37
202002230LAL,Los Angeles Lakers,39,86,11,34,25,37,11,13,35
202002230OKC,Oklahoma City Thunder,50,87,10,22,21,24,6,12,48
202002230POR,Portland Trail Blazers,41,84,13,30,12,19,9,10,32
202002230TOR,Toronto Raptors,47,92,17,44,16,18,10,17,47
202002240BRK,Brooklyn Nets,46,96,16,37,5,8,13,12,36
202002240CLE,Cleveland Cavaliers,43,97,14,37,25,34,13,12,40
202002240DAL,Dallas Mavericks,51,101,16,44,21,28,14,12,40
202002240HOU,Houston Rockets,43,86,16,48,21,31,5,13,33
202002240LAC,Los Angeles Clippers,47,94,16,37,14,17,11,12,39
202002240PHI,Philadelphia 76ers,45,88,12,30,27,30,9,11,39
202002240UTA,Utah Jazz,32,68,10,26,37,43,5,19,25
202002240WAS,Washington Wizards,47,98,15,35,25,33,6,17,35
202002250CHI,Chicago Bulls,52,97,12,31,6,9,13,11,26
202002250DEN,Denver Nuggets,44,76,9,19,18,22,9,18,32
202002250GSW,Golden State Warriors,35,79,4,28,20,24,5,16,29
202002250IND,Indiana Pacers,49,86,10,23,11,13,7,14,49
202002250LAL,Los Angeles Lakers,45,102,13,44,15,21,14,16,37
202002250POR,Portland Trail Blazers,38,85,13,31,17,23,8,17,33
202002250TOR,Toronto Raptors,32,91,18,52,15,21,9,16,34
202002260ATL,Atlanta Hawks,42,94,13,36,23,25,9,9,33
202002260CHO,Charlotte Hornets,39,83,10,30,19,25,10,14,27
202002260CLE,Cleveland Cavaliers,41,78,11,24,15,17,9,18,39
202002260HOU,Houston Rockets,52,93,23,50,13,15,9,18,35
202002260MIA,Miami Heat,41,78,11,26,33,43,8,21,35
202002260PHO,Phoenix Suns,34,87,9,34,15,18,14,16,34
202002260SAS,San Antonio Spurs,39,92,11,33,14,19,13,15,42
202002260UTA,Utah Jazz,40,89,12,40,11,15,13,9,28
202002260WAS,Washington Wizards,41,96,15,39,13,16,9,11,30
202002270GSW,Golden State Warriors,34,80,9,32,9,10,5,26,32
202002270IND,Indiana Pacers,40,90,8,25,18,23,13,11,35
202002270OKC,Oklahoma City Thunder,41,84,9,26,21,29,10,9,27
202002270PHI,Philadelphia 76ers,45,91,15,31,10,13,11,6,33
202002280ATL,Atlanta Hawks,50,97,19,39,22,30,15,8,37
202002280LAC,Los Angeles Clippers,48,89,18,39,18,20,11,10,35
202002280MEM,Memphis Grizzlies,39,91,8,30,15,20,10,12,42
202002280MIA,Miami Heat,41,79,17,35,27,36,6,9,34
202002280MIL,Milwaukee Bucks,50,100,21,45,12,14,14,17,52
202002280NOP,New Orleans Pelicans,48,88,9,23,11,15,12,16,37
202002280ORL,Orlando Magic,53,98,12,40,18,22,10,15,44
202002280PHO,Phoenix Suns,45,75,9,23,12,17,5,18,33
202002280TOR,Toronto Raptors,33,95,10,43,20,29,14,5,31
202002280UTA,Utah Jazz,44,89,19,37,22,30,15,15,39
202002290ATL,Atlanta Hawks,46,84,18,42,19,22,5,18,31
202002290BOS,Boston Celtics,39,100,13,42,19,25,14,14,40
202002290CLE,Cleveland Cavaliers,41,85,5,22,17,20,6,13,30
202002290MEM,Memphis Grizzlies,43,95,10,31,9,11,15,7,36
202002290MIA,Miami Heat,41,91,14,38,20,24,10,6,35
202002290NYK,New York Knicks,47,85,8,20,23,33,17,16,33
202002290PHO,Phoenix Suns,34,83,12,29,19,23,8,19,32
202002290SAS,San Antonio Spurs,44,84,14,31,12,16,4,17,27
202003010CHO,Charlotte Hornets,34,96,8,35,9,10,12,10,35
202003010DEN,Denver Nuggets,47,83,18,36,21,30,7,16,34
202003010GSW,Golden State Warriors,42,89,9,28,17,24,18,21,34
202003010LAC,Los Angeles Clippers,45,76,13,24,33,41,6,10,31
202003010MIN,Minnesota Timberwolves,36,99,13,42,6,15,14,13,43
202003010NOP,New Orleans Pelicans,40,95,7,32,27,33,15,16,37
202003010SAC,Sacramento Kings,37,91,9,35,23,26,17,10,34
202003020ATL,Atlanta Hawks,32,99,9,35,15,16,16,17,27
202003020CHI,Chicago Bulls,44,94,10,36,11,17,12,14,30
202003020CLE,Cleveland Cavaliers,42,91,17,41,12,18,11,6,25
202003020MIA,Miami Heat,37,86,18,37,13,18,6,9,40
202003020NYK,New York Knicks,47,97,12,30,19,30,20,17,45
202003020ORL,Orlando Magic,37,96,14,43,19,22,11,6,28
202003020SAS,San Antonio Spurs,40,77,16,32,15,19,3,14,30
202003030BOS,Boston Celtics,44,103,15,49,17,23,13,15,29
202003030CHO,Charlotte Hornets,39,82,12,29,13,18,14,17,32
202003030DEN,Denver Nuggets,39,87,3,20,19,26,19,15,34
202003030LAL,Los Angeles Lakers,46,86,13,33,15,18,10,13,33
202003030NOP,New Orleans Pelicans,52,100,14,39,16,27,13,15,31
202003030OKC,Oklahoma City Thunder,34,81,9,28,17,26,8,13,35
202003030PHO,Phoenix Suns,39,85,15,39,21,25,6,18,29
202003030SAC,Sacramento Kings,50,89,13,29,20,24,8,15,34
202003040BRK,Brooklyn Nets,30,90,7,42,12,17,13,13,29
202003040CLE,Cleveland Cavaliers,39,89,13,38,15,20,17,12,33
202003040DAL,Dallas Mavericks,44,95,22,50,17,24,6,16,43
202003040DET,Detroit Pistons,40,86,18,43,9,15,9,17,27
202003040MIA,Miami Heat,41,79,22,44,12,15,6,12,30
202003040MIL,Milwaukee Bucks,43,94,13,46,20,22,11,16,45
202003040MIN,Minnesota Timberwolves,40,81,19,43,16,25,10,17,33
202003040NYK,New York Knicks,41,85,7,20,15,18,11,13,31
202003040POR,Portland Trail Blazers,42,81,13,31,28,32,7,15,40
202003050CHO,Charlotte Hornets,38,77,13,33,23,28,9,13,25
202003050GSW,Golden State Warriors,40,98,14,52,19,25,14,15,38
202003050HOU,Houston Rockets,35,97,7,42,28,36,15,10,36
202003050SAC,Sacramento Kings,42,79,11,29,13,18,4,17,33
202003060BOS,Boston Celtics,35,94,10,36,14,18,13,12,32
202003060BRK,Brooklyn Nets,51,96,15,36,22,31,9,7,43
202003060CHI,Chicago Bulls,40,97,9,38,13,15,17,17,28
202003060DAL,Dallas Mavericks,45,95,18,47,13,17,13,10,35
202003060LAL,Los Angeles Lakers,38,91,6,32,31,38,10,16,42
202003060MIN,Minnesota Timberwolves,46,98,10,37,16,20,10,8,26
202003060NOP,New Orleans Pelicans,38,91,14,38,20,28,15,17,38
202003060NYK,New York Knicks,41,91,4,24,17,22,13,12,35
202003060PHO,Phoenix Suns,45,91,19,42,18,19,15,12,32
202003060WAS,Washington Wizards,36,76,15,31,31,35,9,16,29
202003070CHO,Charlotte Hornets,37,70,15,32,19,25,6,17,24
202003070CLE,Cleveland Cavaliers,42,76,12,28,8,12,8,21,31
202003070DET,Detroit Pistons,40,86,9,30,16,22,10,11,28
202003070GSW,Golden State Warriors,44,80,9,25,21,28,7,7,28
202003070MEM,Memphis Grizzlies,43,87,12,33,20,33,15,16,43
202003070POR,Portland Trail Blazers,42,89,10,39,17,26,10,11,31
202003080BOS,Boston Celtics,38,92,13,37,15,19,11,13,35
202003080BRK,Brooklyn Nets,32,64,11,30,35,41,5,28,45
202003080CLE,Cleveland Cavaliers,43,94,13,34,33,45,14,18,46
202003080DAL,Dallas Mavericks,39,91,14,43,17,25,9,10,33
202003080HOU,Houston Rockets,39,88,9,32,19,25,11,18,27
202003080LAC,Los Angeles Clippers,34,86,7,31,28,37,15,15,34
202003080MIN,Minnesota Timberwolves,37,94,8,33,25,31,9,17,33
202003080NYK,New York Knicks,36,82,6,19,18,25,13,9,38
202003080PHO,Phoenix Suns,47,85,19,43,27,31,8,14,39
202003080SAC,Sacramento Kings,42,90,8,31,21,23,10,11,40
202003080WAS,Washington Wizards,26,78,19,47,18,21,4,13,25
202003090ATL,Atlanta Hawks,53,96,21,43,16,27,12,15,41
202003090DEN,Denver Nuggets,41,94,16,41,11,12,6,12,42
202003090UTA,Utah Jazz,33,83,16,43,10,14,6,11,28
202003100CHI,Chicago Bulls,42,84,12,34,12,15,14,21,32
202003100GSW,Golden State Warriors,37,79,11,38,22,27,4,9,31
202003100HOU,Houston Rockets,41,80,15,38,20,26,5,16,28
202003100IND,Indiana Pacers,46,93,9,24,10,11,10,12,33
202003100LAL,Los Angeles Lakers,40,87,15,40,7,12,8,14,38
202003100MEM,Memphis Grizzlies,38,76,11,29,28,38,7,20,32
202003100POR,Portland Trail Blazers,45,89,17,35,14,17,9,11,37
202003100SAS,San Antonio Spurs,46,89,15,32,12,15,6,11,34
202003100WAS,Washington Wizards,35,74,14,35,38,45,9,16,28
202003110ATL,Atlanta Hawks,48,106,14,41,21,26,15,17,38
202003110DAL,Dallas Mavericks,42,92,12,35,17,23,13,10,39
202003110MIA,Miami Heat,39,84,15,44,5,6,9,14,27
202003110PHI,Philadelphia 76ers,42,83,14,33,26,32,13,13,37
